{
  "users": [
    {
      "username": "Dino",
      "password": "dino",
      "name": "Dino Wahyu",
      "className": "Kelas 1A",
      "photoUrl": "https://awsimages.detik.net.id/community/media/visual/2018/03/03/39f24229-6f26-4a17-aa92-44c3bd3dae9e_43.jpeg",
      "bill": [
        {
          "status": "Lunas",
          "jumlah": "200000",
          "dueDate": "2024-09-15",
          "paymentDate": "2024-09-30"
        }
      ],
      "attendance": [
        {
          "date": "2024-10-01",
          "isPresent": true
        },
        {
          "date": "2024-10-02",
          "isPresent": false
        }
      ],
      "savings": {
        "history": [
          {
            "date": "2024-10-01",
            "amount": "200000"
          },
          {
            "date": "2024-10-15",
            "amount": "300000"
          },
          {
            "date": "2024-10-16",
            "amount": "300000"
          },
          {
            "date": "2024-10-16]7",
            "amount": "150000"
          }
        ]
      }
    },
    {
      "username": "Ledis",
      "password": "ledis",
      "name": "Ledis Idola",
      "className": "Kelas 1B",
      "photoUrl": "https://example.com/photo_ledis.jpg",
      "bill": [
        {
          "status": "Belum Lunas",
          "jumlah": "200000",
          "dueDate": "2024-10-10",
          "paymentDate": null
        }
      ],
      "attendance": [
        {
          "date": "2024-10-01",
          "isPresent": true
        },
        {
          "date": "2024-10-02",
          "isPresent": true
        }
      ],
      "savings": {
        "history": [
          {
            "date": "2024-09-05",
            "amount": "100000"
          },
          {
            "date": "2024-09-20",
            "amount": "200000"
          }
        ]
      }
    },
    {
      "username": "Ellia",
      "password": "ellia",
      "name": "Ellia Caroline",
      "className": "Kelas 1C",
      "photoUrl": "https://example.com/photo_ellia.jpg",
      "bill": [
        {
          "status": "Lunas",
          "jumlah": "0",
          "dueDate": "2024-08-10",
          "paymentDate": "2024-08-30"
        }
      ],
      "attendance": [
        {
          "date": "2024-10-01",
          "isPresent": false
        },
        {
          "date": "2024-10-02",
          "isPresent": true
        }
      ],
      "savings": {
        "history": [
          {
            "date": "2024-10-01",
            "amount": "150000"
          }
        ]
      }
    },
    {
      "username": "Erisa",
      "password": "erisa",
      "name": "Erisa Faisal",
      "className": "Kelas 1A",
      "photoUrl": "https://example.com/photo_erisa.jpg",
      "bill": [
        {
          "status": "Belum Lunas",
          "jumlah": "150000",
          "dueDate": "2024-10-05",
          "paymentDate": null
        }
      ],
      "attendance": [
        {
          "date": "2024-10-01",
          "isPresent": true
        },
        {
          "date": "2024-10-02",
          "isPresent": false
        }
      ],
      "savings": {
        "history": [
          {
            "date": "2024-10-03",
            "amount": "100000"
          }
        ]
      }
    },
    {
      "username": "john_doe",
      "password": "john2024",
      "name": "John Doe",
      "className": "Kelas 1B",
      "photoUrl": "https://example.com/photo_john.jpg",
      "bill": [
        {
          "status": "Belum Lunas",
          "jumlah": "300000",
          "dueDate": "2024-10-12",
          "paymentDate": null
        }
      ],
      "attendance": [
        {
          "date": "2024-10-01",
          "isPresent": false
        },
        {
          "date": "2024-10-02",
          "isPresent": true
        }
      ],
      "savings": {
        "history": [
          {
            "date": "2024-10-01",
            "amount": "200000"
          },
          {
            "date": "2024-10-10",
            "amount": "300000"
          }
        ]
      }
    }
  ]
}
