{
  "users": [
    {
      "username": "Dino",
      "password": "dino",
      "name": "Dino Wahyu Dinata"
    },
    {
      "username": "Ledis",
      "password": "ledis",
      "name": "Ledis Idola"
    },
    {
      "username": "Ellia",
      "password": "ellia",
      "name": "Eliia Caroline"
    },
    {
      "username": "Erisa",
      "password": "erisa",
      "name": "Erisa Faisal"
    },
    {
      "username": "john_doe",
      "password": "john2024",
      "name": "John Doe"
    }
  ]
}
