{
    "videos": [
      {
        "id": 1,
        "title": "Belajar Huruf Alfabet",
        "description": "Video edukasi untuk membantu anak-anak mengenal huruf alfabet.",
        "url": "https://www.youtube.com/embed/CRdqJ_EE1k8?autoplay=1&controls=1&showinfo=0&rel=0&modestbranding=1"
      },
      {
        "id": 2,
        "title": "Belajar Angka 1-10",
        "description": "Video edukasi untuk mengenalkan angka kepada anak-anak.",
        "url": "https://www.youtube.com/embed/RiW5aPmkm0Y?autoplay=1&controls=1&showinfo=0&rel=0&modestbranding=1"
      },
      {
        "id": 3,
        "title": "Lagu Anak - Balonku Ada Lima",
        "description": "Lagu anak-anak populer tentang balon dengan warna-warni.",
        "url": "https://www.youtube.com/watch?v=meL-MuZw0rs"
      },
      {
        "id": 4,
        "title": "Belajar Nama Hewan",
        "description": "Video edukasi untuk mengenalkan nama-nama hewan kepada anak-anak.",
        "url": "https://www.youtube.com/watch?v=6z5k0TJfN-A"
      },
      {
        "id": 5,
        "title": "Lagu Anak - Bintang Kecil",
        "description": "Lagu anak-anak tentang bintang yang bercahaya di langit malam.",
        "url": "https://www.youtube.com/watch?v=UlzrIgacAD4"
      }
    ]
  }
  